Potential (V),Current (A),,
-0.498757482,-0.000164367,,
-0.494099826,-0.000157389,,
-0.48879528,-0.000152172,,
-0.484008223,-0.000147323,,
-0.479091823,-0.000142702,,
-0.474046022,-0.000138254,,
-0.468870848,-0.000134034,,
-0.464213192,-0.000129904,,
-0.459296763,-0.00012615,,
-0.453992218,-0.000122369,,
-0.449075788,-0.000118932,,
-0.444029987,-0.000115404,,
-0.439242959,-0.000112174,,
-0.434197158,-0.000108963,,
-0.429280728,-0.00010596,,
-0.423976183,-0.000102917,,
-0.419189155,-0.000100192,,
-0.414272726,-9.74E-05,,
-0.409226924,-9.49E-05,,
-0.404051751,-9.21E-05,,
-0.399005949,-8.97E-05,,
-0.39408952,-8.72E-05,,
-0.389043748,-8.49E-05,,
-0.383868545,-8.27E-05,,
-0.378822774,-8.06E-05,,
-0.373906344,-7.85E-05,,
-0.368989915,-7.67E-05,,
-0.364332259,-7.46E-05,,
-0.359157085,-7.28E-05,,
-0.353723168,-7.09E-05,,
-0.349194884,-6.92E-05,,
-0.344019711,-6.74E-05,,
-0.339232653,-6.58E-05,,
-0.33405748,-6.41E-05,,
-0.328882307,-6.26E-05,,
-0.324095279,-6.09E-05,,
-0.319049478,-5.95E-05,,
-0.31426242,-5.80E-05,,
-0.30934602,-5.66E-05,,
-0.304429591,-5.52E-05,,
-0.299383789,-5.38E-05,,
-0.294208616,-5.23E-05,,
-0.289292216,-5.12E-05,,
-0.284117013,-4.97E-05,,
-0.279329985,-4.86E-05,,
-0.274284184,-4.73E-05,,
-0.269497156,-4.62E-05,,
-0.264451355,-4.50E-05,,
-0.259276181,-4.39E-05,,
-0.25423038,-4.27E-05,,
-0.249572724,-4.16E-05,,
-0.244526923,-4.06E-05,,
-0.239610508,-3.95E-05,,
-0.234564707,-3.83E-05,,
-0.229389533,-3.74E-05,,
-0.224473119,-3.62E-05,,
-0.219427317,-3.53E-05,,
-0.214510903,-3.42E-05,,
-0.209465101,-3.33E-05,,
-0.204160541,-3.22E-05,,
-0.199244127,-3.14E-05,,
-0.194457084,-3.04E-05,,
-0.189540669,-2.94E-05,,
-0.184624255,-2.84E-05,,
-0.179449081,-2.76E-05,,
-0.174273893,-2.66E-05,,
-0.16909872,-2.58E-05,,
-0.164311677,-2.49E-05,,
-0.159136504,-2.39E-05,,
-0.154478848,-2.30E-05,,
-0.149174288,-2.22E-05,,
-0.14438726,-2.13E-05,,
-0.139470831,-2.06E-05,,
-0.134036899,-1.96E-05,,
-0.129249856,-1.89E-05,,
-0.124462821,-1.80E-05,,
-0.119675785,-1.73E-05,,
-0.114629984,-1.65E-05,,
-0.109196052,-1.56E-05,,
-0.104409017,-1.47E-05,,
-0.099492595,-1.41E-05,,
-0.094446801,-1.32E-05,,
-0.089530379,-1.24E-05,,
-0.084355205,-1.16E-05,,
-0.079180025,-1.09E-05,,
-0.074392989,-9.96E-06,,
-0.069476567,-9.30E-06,,
-0.064430773,-8.52E-06,,
-0.059384976,-7.77E-06,,
-0.054339178,-6.97E-06,,
-0.049552139,-6.25E-06,,
-0.044506341,-5.44E-06,,
-0.039848682,-4.75E-06,,
-0.034544125,-3.90E-06,,
-0.029239571,-3.17E-06,,
-0.024452532,-2.28E-06,,
-0.019277355,-1.65E-06,,
-0.014360937,-8.06E-07,,
-0.00944452,-1.39E-07,,
-0.004398722,7.76E-07,,
0.000517696,1.51E-06,,
0.004657837,2.38E-06,,
0.009962393,3.15E-06,,
0.014749432,4.16E-06,,
0.01979523,4.85E-06,,
0.024841027,5.82E-06,,
0.029886823,6.71E-06,,
0.034932621,7.73E-06,,
0.03971966,8.55E-06,,
0.044894837,9.62E-06,,
0.049811255,1.06E-05,,
0.054727674,1.18E-05,,
0.059773471,1.28E-05,,
0.06456051,1.40E-05,,
0.069994442,1.51E-05,,
0.074910864,1.63E-05,,
0.0796979,1.76E-05,,
0.08487308,1.90E-05,,
0.089789495,2.04E-05,,
0.094964676,2.19E-05,,
0.099751711,2.33E-05,,
0.104797505,2.50E-05,,
0.109325789,2.66E-05,,
0.114630342,2.84E-05,,
0.119676143,3.02E-05,,
0.124592558,3.21E-05,,
0.129767731,3.42E-05,,
0.13468416,3.63E-05,,
0.139729947,3.85E-05,,
0.14451699,4.09E-05,,
0.149304032,4.33E-05,,
0.154349819,4.59E-05,,
0.159654379,4.84E-05,,
0.164829552,5.13E-05,,
0.169745982,5.41E-05,,
0.17453301,5.71E-05,,
0.179320052,6.02E-05,,
0.184624612,6.36E-05,,
0.189411655,6.69E-05,,
0.19432807,7.05E-05,,
0.199503243,7.41E-05,,
0.204419658,7.80E-05,,
0.209336072,8.19E-05,,
0.214381874,8.61E-05,,
0.219427675,9.04E-05,,
0.224602848,9.48E-05,,
0.22964865,9.93E-05,,
0.234435692,0.000104199,,
0.239481479,0.000108963,,
0.244268522,0.000114168,,
0.249573082,0.000119275,,
0.254618883,0.000124687,,
0.259664685,0.000130131,,
0.264710456,0.00013584,,
0.269497514,0.000141601,,
0.274413913,0.000147628,,
0.279459715,0.000153706,,
0.284634888,0.000160004,,
0.289163172,0.000166322,,
0.294208974,0.00017288,,
0.299254775,0.000179566,,
0.304300576,0.000186557,,
0.309216976,0.000193659,,
0.314262778,0.000201006,,
0.319308579,0.000208333,,
0.324483752,0.000205337,,
0.32927081,0.00021348,,
0.33418721,0.000220985,,
0.339233011,0.000229287,,
0.344020069,0.000237271,,
0.348936468,0.000245734,,
0.354241014,0.000254196,,
0.359286815,0.000262978,,
0.364332616,0.00027192,,
0.36950779,0.000280701,,
0.374553591,0.000290122,,
0.379081875,0.000298744,,
0.383868903,0.000308165,,
0.38930285,0.000318224,,
0.393960506,0.000327485,,
0.399135679,0.000337065,,
0.403793335,0.000346646,,
0.408709764,0.000356545,,
0.414143711,0.000367083,,
0.419060111,0.000376664,,
0.424105912,0.000387202,,
0.429022342,0.00039774,,
0.433938742,0.00040732,,
0.438984543,0.000418018,,
0.444030344,0.000429036,,
0.448946774,0.000439574,,
0.453863174,0.000450911,,
0.459038347,0.000462087,,
0.46421352,0.000472945,,
0.46912995,0.000484761,,
0.474175751,0.000495618,,
0.479092181,0.000506316,,
0.484137952,0.000518292,,
0.489442527,0.000529309,,
0.494100183,0.000540646,,
0.499663502,0.000552301,,
0.504191756,0.000563478,,
0.509237587,0.000575294,,
0.514283359,0.00058679,,
0.519199789,0.000598606,,
0.524374962,0.000609783,,
0.529420733,0.000621758,,
0.534337163,0.000633414,,
0.538994849,0.000645389,,
0.544428766,0.000656886,,
0.549345195,0.000668382,,
0.554261625,0.000680357,,
0.559178054,0.000692013,,
0.564094424,0.000704148,,
0.569398999,0.000715645,,
0.574444771,0.00072746,,
0.579231858,0.000738797,,
0.58427763,0.000750453,,
0.589323461,0.00076179,,
0.594369233,0.000772966,,
0.59915626,0.000783824,,
0.603943288,0.000795161,,
0.608859718,0.000806178,,
0.614034891,0.000817036,,
0.619210064,0.000828692,,
0.62386775,0.00083907,,
0.628913522,0.000849928,,
0.633959353,0.000860466,,
0.639134526,0.000871324,,
0.644180298,0.000881702,,
0.649226129,0.000892081,,
0.654142499,0.0009023,,
0.658929586,0.00091188,,
0.663975358,0.00092178,,
0.668891788,0.0009312,,
0.674066961,0.00094078,,
0.679242134,0.000950041,,
0.684417307,0.000958983,,
0.689074993,0.000967605,,
0.694120765,0.000976068,,
0.699166536,0.00098469,,
0.704082966,0.000992514,,
0.708999395,0.001000817,,
0.714174569,0.001008161,,
0.719479144,0.001015666,,
0.724007428,0.001022691,,
0.728923798,0.001029238,,
0.734228373,0.001035625,,
0.738886058,0.001041692,,
0.743802488,0.00104744,,
0.749107003,0.001053348,,
0.754023433,0.001058937,,
0.759328008,0.001064206,,
0.763985634,0.001069794,,
0.769290209,0.001073946,,
0.77433598,0.001078417,,
0.779381812,0.001081929,,
0.784039438,0.001085123,,
0.789214611,0.001088955,,
0.794260442,0.00109119,,
0.799176872,0.001093745,,
0.804222643,0.0010963,,
0.809009671,0.001097737,,
0.814055502,0.001099493,,
0.819101274,0.00110093,,
0.824147105,0.001102367,,
0.829063475,0.001103166,,
0.834109306,0.001103485,,
0.839025736,0.001103485,,
0.844200909,0.001103645,,
0.849246681,0.001103325,,
0.85416311,0.001101888,,
0.858950138,0.00110109,,
0.864125311,0.001099972,,
0.869300485,0.001098695,,
0.874346316,0.001096779,,
0.879133344,0.001094543,,
0.884049773,0.001092308,,
0.888966143,0.001089913,,
0.894270718,0.001086719,,
0.899445891,0.001083526,,
0.904232919,0.001080013,,
0.909020007,0.001076501,,
0.914583266,0.001073148,,
0.919629097,0.001068996,,
0.924545527,0.001064845,,
0.929461956,0.001060374,,
0.934507728,0.001055264,,
0.939553499,0.001050155,,
0.94459933,0.001045045,,
0.949386358,0.001039617,,
0.954690933,0.001034188,,
0.959348559,0.001028599,,
0.964523733,0.001022532,,
0.969440162,0.001016943,,
0.974615335,0.001011195,,
0.979402363,0.001004489,,
0.984448195,0.000997943,,
0.989364624,0.000992035,,
0.994539797,0.000985648,,
0.999456167,0.000978782,,
1.004372597,0.000972395,,
1.009418368,0.000965689,,
1.014464259,0.000958823,,
1.019510031,0.000952436,,
1.02442646,0.00094573,,
1.029472232,0.000939343,,
1.034518003,0.000932318,,
1.039305091,0.000925452,,
1.044480205,0.000918586,,
1.049525976,0.000912199,,
1.054313064,0.000905333,,
1.059488297,0.000899426,,
1.064534068,0.00089256,,
1.069450498,0.000886013,,
1.074237466,0.000880106,,
1.079542041,0.000873559,,
1.08445847,0.000867492,,
1.089504242,0.000861105,,
1.094420671,0.000854878,,
1.099337101,0.000849129,,
1.104641676,0.000843222,,
1.10916996,0.000837473,,
1.114474535,0.000831246,,
1.119649649,0.000825817,,
1.124307275,0.000820389,,
1.129223704,0.00081512,,
1.134269595,0.000809531,,
1.139444709,0.000804262,,
1.144231796,0.000798993,,
1.149277568,0.000794203,,
1.154064655,0.000789732,,
1.159110427,0.000785101,,
1.164156199,0.00078095,,
1.169331312,0.000776639,,
1.1741184,0.000772487,,
1.179293633,0.000768336,,
1.184468746,0.000764185,,
1.189255834,0.000760512,,
1.194042802,0.000756361,,
1.199218035,0.000752369,,
1.204393148,0.000749495,,
1.209439039,0.00074678,,
1.214872956,0.000743268,,
1.219271779,0.000740074,,
1.224447012,0.000737041,,
1.229622126,0.000734486,,
1.234409213,0.000731771,,
1.239325643,0.000729057,,
1.244500756,0.000726662,,
1.249417186,0.000724107,,
1.254463077,0.000722031,,
1.25963819,0.000720115,,
1.264425278,0.00071772,,
1.269600391,0.000716443,,
1.274775624,0.000714846,,
1.280080199,0.000713569,,
1.284737825,0.000711493,,
1.289524794,0.000709896,,
1.295088172,0.000709258,,
1.300004601,0.000707182,,
1.30479157,0.000706863,,
1.309837461,0.000705585,,
1.315530062,0.000705106,,
1.320058346,0.000703989,,
1.325104237,0.000703669,,
1.329891205,0.000702232,,
1.334936976,0.000701913,,
1.340112209,0.000701274,,
1.344769835,0.000701274,,
1.349815607,0.000700955,,
1.354861498,0.000700795,,
1.360036612,0.000700636,,
1.365082383,0.000701115,,
1.369998813,0.000700955,,
1.375044703,0.000701434,,
1.379961014,0.000701594,,
1.385006905,0.000702552,,
1.390052676,0.000702711,,
1.394969106,0.000702871,,
1.400144219,0.00070351,,
1.405060649,0.000704627,,
1.409977078,0.000705266,,
1.415152311,0.000705905,,
1.420068741,0.000707182,,
1.424855709,0.00070798,,
1.430030942,0.000709258,,
1.435335398,0.000711014,,
1.439993143,0.000711493,,
1.445168257,0.000713569,,
1.450214148,0.000715006,,
1.455259919,0.000716443,,
1.460176349,0.00071788,,
1.46522212,0.000719636,,
1.470267892,0.000720754,,
1.475313663,0.00072283,,
1.480359435,0.000725225,,
1.485405326,0.000726822,,
1.490321755,0.000728259,,
1.495238185,0.000730015,,
1.500283957,0.00073225,,
1.505200386,0.000734326,,
1.510504842,0.000736721,,
1.515162587,0.000738957,,
1.520596504,0.000740713,,
1.525512934,0.000743427,,
1.530429363,0.000745663,,
1.535604477,0.000747898,,
1.540650249,0.000749974,,
1.545307994,0.000752369,,
1.550353765,0.000754764,,
1.555528879,0.000757319,,
1.560445309,0.000759714,,
1.565103054,0.000762109,,
1.570278168,0.000764504,,
1.574935794,0.000767538,,
1.580499172,0.00077121,,
1.585544944,0.000773286,,
1.590332031,0.00077632,,
1.595636606,0.000779353,,
1.600423574,0.000781589,,
1.605469346,0.000784463,,
1.610385776,0.000787816,,
1.615561008,0.00079069,,
1.620865583,0.000793564,,
1.625264406,0.000796278,,
1.630439639,0.000799312,,
1.635485411,0.000802186,,
1.640531182,0.00080506,,
1.645447612,0.000808254,,
1.650493383,0.000811607,,
1.655409813,0.000814481,,
1.660455704,0.000817674,,
1.665501475,0.000820389,,
1.670547247,0.000823582,,
1.675334334,0.000826776,,
1.680509448,0.00082965,,
1.685425878,0.000832364,,
1.69060111,0.000835557,,
1.695388079,0.000838431,,
1.700175166,0.000840667,,
1.695129275,0.00081512,,
1.690083504,0.000791488,,
1.68490839,0.000769613,,
1.680509448,0.000749016,,
1.675204873,0.000729376,,
1.670288444,0.000710375,,
1.664983869,0.000692333,,
1.660326242,0.000674929,,
1.655151129,0.000658482,,
1.649975896,0.000642515,,
1.645059466,0.000627027,,
1.639884353,0.000612338,,
1.635356069,0.000597808,,
1.630310297,0.000584236,,
1.625264406,0.000570664,,
1.620218635,0.00055773,,
1.615172863,0.000545436,,
1.610515237,0.000533301,,
1.605210662,0.000521325,,
1.600035429,0.000510627,,
1.595248461,0.000498971,,
1.59020257,0.000487954,,
1.58528626,0.000477097,,
1.580240369,0.000467197,,
1.575065255,0.000457297,,
1.569890022,0.000447557,,
1.565232396,0.000438297,,
1.559927821,0.000429036,,
1.555399537,0.000419934,,
1.549836278,0.000411472,,
1.544919848,0.00040285,,
1.539874077,0.000394547,,
1.535216331,0.000386723,,
1.529911757,0.00037858,,
1.524995446,0.000370596,,
1.520337701,0.000363411,,
1.515162587,0.000355747,,
1.510116816,0.000348721,,
1.504812241,0.000341376,,
1.499895811,0.000334511,,
1.494979382,0.000327804,,
1.489804149,0.000321258,,
1.48501718,0.000314871,,
1.479971409,0.000308484,,
1.475054979,0.000302097,,
1.47013855,0.00029619,,
1.46522212,0.000289643,,
1.460046887,0.000284214,,
1.455001116,0.000278147,,
1.449696541,0.000272718,,
1.444909573,0.000267289,,
1.439863682,0.000261541,,
1.434688568,0.000256591,,
1.429513335,0.000251162,,
1.424596906,0.000245893,,
1.419809937,0.000241103,,
1.414893508,0.000235834,,
1.409588933,0.000230884,,
1.404543161,0.000226094,,
1.39949739,0.000221623,,
1.394710302,0.000216993,,
1.389793873,0.000212682,,
1.384748101,0.000207892,,
1.379831672,0.000203581,,
1.374915242,0.000199908,,
1.369610667,0.000195118,,
1.364823699,0.000191286,,
1.359777927,0.00019707,,
1.354861498,0.000193069,,
1.349815607,0.00018903,,
1.344640493,0.000185146,,
1.339724064,0.000181327,,
1.334678292,0.000177534,,
1.329761863,0.000173922,,
1.32458663,0.000170316,,
1.319799662,0.000166698,,
1.31475389,0.000163183,,
1.310096145,0.000159797,,
1.304662228,0.000156347,,
1.299616456,0.000152923,,
1.294441223,0.000149634,,
1.289912939,0.000146365,,
1.284608483,0.000143135,,
1.27943325,0.000139905,,
1.274646163,0.000136915,,
1.269471049,0.000133788,,
1.264425278,0.000130778,,
1.259379387,0.000127716,,
1.254204273,0.000124874,,
1.249417186,0.000122078,,
1.244500756,0.00011921,,
1.239196301,0.000116492,,
1.234279871,0.00011374,,
1.229234099,0.000111002,,
1.224188209,0.0001084,,
1.219142437,0.000105753,,
1.214096665,0.000103202,,
1.209180236,0.000100665,,
1.204005003,9.82E-05,,
1.198959231,9.58E-05,,
1.194172263,9.33E-05,,
1.188738227,9.09E-05,,
1.184210062,8.87E-05,,
1.179164171,8.64E-05,,
1.173989058,8.42E-05,,
1.169072628,8.19E-05,,
1.164156199,7.97E-05,,
1.158980966,7.75E-05,,
1.153935194,7.54E-05,,
1.14876008,7.33E-05,,
1.144102335,7.13E-05,,
1.139056563,6.93E-05,,
1.134010792,6.74E-05,,
1.129223704,6.54E-05,,
1.124177933,6.35E-05,,
1.119132161,6.16E-05,,
1.114345074,5.97E-05,,
1.108911157,5.79E-05,,
1.104253531,5.61E-05,,
1.099078298,5.43E-05,,
1.093903184,5.26E-05,,
1.089116096,5.09E-05,,
1.084070325,4.92E-05,,
1.079153895,4.76E-05,,
1.074237466,4.58E-05,,
1.069191694,4.43E-05,,
1.064145923,4.27E-05,,
1.059229493,4.12E-05,,
1.054183722,3.95E-05,,
1.049267292,3.80E-05,,
1.044350863,3.66E-05,,
1.038916945,3.52E-05,,
1.034129858,3.37E-05,,
1.029084086,3.22E-05,,
1.024296999,3.09E-05,,
1.019380569,2.96E-05,,
1.014334798,2.82E-05,,
1.009418368,2.69E-05,,
1.004372597,2.56E-05,,
0.999197423,2.43E-05,,
0.994410396,2.30E-05,,
0.988976479,2.17E-05,,
0.984448195,2.05E-05,,
0.979273021,1.93E-05,,
0.97422719,1.82E-05,,
0.96931076,1.70E-05,,
0.964264989,1.58E-05,,
0.959089816,1.46E-05,,
0.954173386,1.35E-05,,
0.948998213,1.24E-05,,
0.944340587,1.13E-05,,
0.939294755,1.02E-05,,
0.934248984,9.05E-06,,
0.929203153,7.97E-06,,
0.924157381,6.95E-06,,
0.919240952,5.85E-06,,
0.914324522,4.74E-06,,
0.909149349,3.69E-06,,
0.904232919,2.54E-06,,
0.899057746,1.48E-06,,
0.894141316,4.41E-07,,
0.889095545,-6.49E-07,,
0.884179115,-1.68E-06,,
0.879003942,-2.82E-06,,
0.87395817,-3.96E-06,,
0.868912339,-5.00E-06,,
0.864125311,-6.19E-06,,
0.85907954,-7.26E-06,,
0.853774965,-8.57E-06,,
0.848987937,-9.73E-06,,
0.843942106,-1.10E-05,,
0.839025736,-1.22E-05,,
0.834109306,-1.35E-05,,
0.82867533,-1.49E-05,,
0.823888302,-1.64E-05,,
0.818971932,-1.77E-05,,
0.814055502,-1.93E-05,,
0.808880329,-2.08E-05,,
0.803834498,-2.24E-05,,
0.79904747,-2.40E-05,,
0.794131041,-2.57E-05,,
0.789085269,-2.75E-05,,
0.784039438,-2.94E-05,,
0.779381812,-3.13E-05,,
0.774077237,-3.34E-05,,
0.768902063,-3.55E-05,,
0.764373779,-3.78E-05,,
0.758551717,-4.01E-05,,
0.753894031,-4.26E-05,,
0.748977661,-4.50E-05,,
0.74393183,-4.77E-05,,
0.738886058,-5.04E-05,,
0.733969629,-5.32E-05,,
0.729053199,-5.61E-05,,
0.723748624,-5.92E-05,,
0.718832254,-6.23E-05,,
0.713915825,-6.56E-05,,
0.708999395,-6.91E-05,,
0.70369482,-7.26E-05,,
0.699037194,-7.63E-05,,
0.693991363,-8.02E-05,,
0.688686848,-8.42E-05,,
0.684158564,-8.83E-05,,
0.678853989,-9.25E-05,,
0.674066961,-9.68E-05,,
0.669279933,-0.000101383,,
0.663845956,-0.000106076,,
0.658800185,-0.000110925,,
0.653754413,-0.000115805,,
0.649096727,-0.0001209,,
0.643792152,-0.000126273,,
0.638746381,-0.0001316,,
0.633829951,-0.000137109,,
0.62878418,-0.00014285,,
0.623738348,-0.000148696,,
0.618821919,-0.00015469,,
0.613905549,-0.000160755,,
0.608730376,-0.000166982,,
0.603943288,-0.000173423,,
0.599026918,-0.000179819,,
0.594110489,-0.00018637,,
0.589323461,-0.000193115,,
0.584148228,-0.000200002,,
0.5793612,-0.000207155,,
0.574056685,-0.000223858,,
0.569140255,-0.000231363,,
0.563965082,-0.000238548,,
0.558789909,-0.000246052,,
0.553873479,-0.000253717,,
0.54895705,-0.00026154,,
0.54404062,-0.000269684,,
0.538865447,-0.000277827,,
0.534207821,-0.000285491,,
0.52916199,-0.000294113,,
0.52424556,-0.000302097,,
0.519199789,-0.000310559,,
0.514024615,-0.000319182,,
0.508978844,-0.000327484,,
0.504191756,-0.000335628,,
0.499145985,-0.000345048,,
0.493970811,-0.00035367,,
0.489183754,-0.000362133,,
0.484396726,-0.000371234,,
0.478962779,-0.000379856,,
0.473916978,-0.000389277,,
0.468612432,-0.000398698,,
0.46421352,-0.000407479,,
0.459167749,-0.000416261,,
0.453863174,-0.000425682,,
0.449076146,-0.000434624,,
0.443771601,-0.000443884,,
0.438855171,-0.000452666,,
0.433550626,-0.000461768,,
0.429022342,-0.00047039,,
0.423847169,-0.000479651,,
0.418930739,-0.000488752,,
0.41401431,-0.000498332,,
0.408968508,-0.000506795,,
0.403793335,-0.000515417,,
0.398359418,-0.000524358,,
0.393701762,-0.0005333,,
0.388655961,-0.000541763,,
0.384257048,-0.000550704,,
0.379340649,-0.000558368,,
0.374294847,-0.000566991,,
0.369249046,-0.000576092,,
0.364203244,-0.000583916,,
0.359028071,-0.000592378,,
0.35398227,-0.00060132,,
0.349324614,-0.000609623,,
0.344149441,-0.000617447,,
0.339233011,-0.000625749,,
0.334316611,-0.000633254,,
0.329141408,-0.000640918,,
0.324225008,-0.000648263,,
0.319308579,-0.000656406,,
0.314392179,-0.000663591,,
0.309216976,-0.000670617,,
0.304300576,-0.000678281,,
0.29964292,-0.000684987,,
0.294726491,-0.000692172,,
0.289551318,-0.000698559,,
0.284505516,-0.000705106,,
0.279589117,-0.000711812,,
0.274413913,-0.000718199,,
0.269626886,-0.000724905,,
0.264839858,-0.000730813,,
0.259535283,-0.000736721,,
0.254489481,-0.000742628,,
0.249573082,-0.000748856,,
0.244656667,-0.000754284,,
0.239481479,-0.000760033,,
0.234435692,-0.000766579,,
0.229389891,-0.000772168,,
0.22434409,-0.000777756,,
0.219427675,-0.000782865,,
0.214381874,-0.000788454,,
0.209465459,-0.000793244,,
0.204678416,-0.000798673,,
0.199373856,-0.000802505,,
0.19432807,-0.000807135,,
0.189282268,-0.000811127,,
0.184495226,-0.000815119,,
0.179449439,-0.000819111,,
0.174274251,-0.000823262,,
0.169357836,-0.000826296,,
0.164570794,-0.00082933,,
0.159525007,-0.000833162,,
0.154737964,-0.000835557,,
0.149174646,-0.000839549,,
0.14451699,-0.000842103,,
0.139341816,-0.000844818,,
0.134554774,-0.000847053,,
0.129767731,-0.000849608,,
0.124592558,-0.000852163,,
0.119417384,-0.000854398,,
0.114630342,-0.000855995,,
0.109584548,-0.00085823,,
0.104409367,-0.000859827,,
0.10001047,-0.000861423,,
0.094835289,-0.000862701,,
0.089401357,-0.000863978,,
0.084484942,-0.000865415,,
0.0796979,-0.000866533,,
0.074910864,-0.000867172,,
0.069865063,-0.000867651,,
0.06468989,-0.000868449,,
0.06003223,-0.000868768,,
0.054857053,-0.000869407,,
0.049811255,-0.000869886,,
0.044765458,-0.000869726,,
0.039590281,-0.000869247,,
0.034673862,-0.000869567,,
0.030016202,-0.000868768,,
0.024970407,-0.00086813,,
0.01979523,-0.000867172,,
0.014878811,-0.000866693,,
0.009833014,-0.000865256,,
0.004787216,-0.000864298,,
0.000258937,-0.000862701,,
-0.004657481,-0.000860785,,
-0.009315141,-0.000859188,,
-0.014360937,-0.000857272,,
-0.019794874,-0.000854877,,
-0.024452532,-0.000853121,,
-0.029627709,-0.000850885,,
-0.034673505,-0.000848171,,
-0.039589923,-0.000845297,,
-0.044506341,-0.000843061,,
-0.049681518,-0.000839708,,
-0.054597937,-0.000836515,,
-0.059514355,-0.0008338,,
-0.064560153,-0.000830128,,
-0.069217809,-0.000826615,,
-0.074651748,-0.000823102,,
-0.079697542,-0.000819749,,
-0.084613964,-0.000815758,,
-0.089789137,-0.000811766,,
-0.094317421,-0.000807455,,
-0.099233836,-0.000803303,,
-0.104538396,-0.000798354,,
-0.10958419,-0.000794202,,
-0.114759363,-0.000789572,,
-0.119546406,-0.000784143,,
-0.124462821,-0.000779512,,
-0.129120484,-0.000774243,,
-0.134425044,-0.000769293,,
-0.139212072,-0.000764344,,
-0.144257873,-0.000759075,,
-0.149433047,-0.000753486,,
-0.154478848,-0.000748536,,
-0.159524649,-0.000742628,,
-0.164699823,-0.000736721,,
-0.169357479,-0.000731771,,
-0.174532652,-0.000725544,,
-0.179060936,-0.000719955,,
-0.184624255,-0.000714207,,
-0.189540669,-0.000708299,,
-0.194586471,-0.000702391,,
-0.199373513,-0.000696005,,
-0.204807445,-0.000690416,,
-0.209594488,-0.000684508,,
-0.214381516,-0.000678121,,
-0.219556689,-0.000672054,,
-0.224473119,-0.000665348,,
-0.229648292,-0.0006596,,
-0.234823465,-0.000653692,,
-0.239351749,-0.000646986,,
-0.244656309,-0.000641237,,
-0.249443337,-0.00063517,,
-0.254747897,-0.000629103,,
-0.259664327,-0.000622556,,
-0.264580727,-0.000616648,,
-0.269497156,-0.000610102,,
-0.274284184,-0.000604194,,
-0.279329985,-0.000598286,,
-0.284246415,-0.000592219,,
-0.289421588,-0.000586311,,
-0.294337988,-0.000579924,,
-0.299513191,-0.000574495,,
-0.304558963,-0.000568428,,
-0.309475392,-0.000563158,,
-0.314650565,-0.000556931,,
-0.319178849,-0.000551503,,
-0.324354023,-0.000545435,,
-0.329399824,-0.000540485,,
-0.334316254,-0.000534258,,
-0.33897391,-0.00052867,,
-0.344019711,-0.000523241,,
-0.349194884,-0.000517972,,
-0.354240686,-0.000512543,,
-0.359286457,-0.000507433,,
-0.363814741,-0.000502164,,
-0.36937806,-0.000497534,,
-0.374035716,-0.000491945,,
-0.379210889,-0.000487155,,
-0.384256691,-0.000482525,,
-0.388914347,-0.000477415,,
-0.39408952,-0.000472945,,
-0.399135321,-0.000468314,,
-0.404181123,-0.000463843,,
-0.409356296,-0.000460011,,
-0.414272726,-0.000455061,,
-0.41880101,-0.000451229,,
-0.424234927,-0.000446759,,
-0.429539502,-0.000442926,,
-0.434197158,-0.000438615,,
-0.439242959,-0.000434624,,
-0.444029987,-0.000430312,,
-0.44920516,-0.0004268,,
-0.45412159,-0.000423127,,
-0.459167391,-0.000419614,,
-0.464083791,-0.000415942,,
-0.469129592,-0.000412749,,
-0.474046022,-0.000408597,,
-0.478962421,-0.000405563,,
-0.483878851,-0.00040221,,
-0.489054024,-0.000399177,,
-0.493970454,-0.000396622,,
-0.498757482,-0.000391672,,
-0.493841052,-0.000375066,,
-0.488665879,-0.000361175,,
-0.484008223,-0.000347763,,
-0.478962421,-0.000335787,,
-0.473787248,-0.00032493,,
-0.468870848,-0.000313912,,
-0.464083791,-0.000303853,,
-0.459037989,-0.000294592,,
-0.453992218,-0.000285331,,
-0.448817015,-0.000276869,,
-0.444029987,-0.000268726,,
-0.439242959,-0.000260742,,
-0.434067786,-0.000253238,,
-0.429021984,-0.000246372,,
-0.424105555,-0.000239666,,
-0.418930382,-0.00023264,,
-0.414143354,-0.000226413,,
-0.40896818,-0.000220665,,
-0.403922379,-0.000214757,,
-0.398617804,-0.000208849,,
-0.393830776,-0.000203101,,
-0.388655603,-0.00019863,,
-0.383739173,-0.000193042,,
-0.379728407,-0.000211376,,
-0.373776972,-0.000174207,,
-0.368860543,-0.000169759,,
-0.363814741,-0.000165248,,
-0.35876894,-0.000161092,,
-0.35385254,-0.000156975,,
-0.348806739,-0.000152962,,
-0.343890309,-0.000149045,,
-0.339103281,-0.000145278,,
-0.333798736,-0.000141666,,
-0.329011679,-0.000138118,,
-0.323707134,-0.000134688,,
-0.319308221,-0.000131399,,
-0.314003676,-0.000127994,,
-0.30934602,-0.000124907,,
-0.304170847,-0.000121683,,
-0.298866272,-0.000118822,,
-0.294079244,-0.00011576,,
-0.289421588,-0.000112957,,
-0.284246415,-0.000110083,,
-0.279329985,-0.000107377,,
-0.273896039,-0.000104697,,
-0.269109011,-0.000102166,,
-0.264063209,-9.95E-05,,
-0.25914681,-9.71E-05,,
-0.254101008,-9.46E-05,,
-0.249313965,-9.22E-05,,
-0.244268164,-8.98E-05,,
-0.238834232,-8.75E-05,,
-0.234305948,-8.53E-05,,
-0.229260147,-8.32E-05,,
-0.224343732,-8.09E-05,,
-0.219297931,-7.90E-05,,
-0.214252144,-7.66E-05,,
-0.209335729,-7.47E-05,,
-0.204160541,-7.26E-05,,
-0.199632272,-7.07E-05,,
-0.194198325,-6.87E-05,,
-0.189152539,-6.69E-05,,
-0.184365496,-6.49E-05,,
-0.179319695,-6.31E-05,,
-0.174273893,-6.13E-05,,
-0.169357479,-5.95E-05,,
-0.164052919,-5.77E-05,,
-0.159007132,-5.60E-05,,
-0.154478848,-5.42E-05,,
-0.149174288,-5.26E-05,,
-0.144128501,-5.09E-05,,
-0.139341459,-4.93E-05,,
-0.134036899,-4.77E-05,,
-0.129249856,-4.62E-05,,
-0.124074683,-4.46E-05,,
-0.119287647,-4.31E-05,,
-0.114241846,-4.16E-05,,
-0.109325431,-4.02E-05,,
-0.104150258,-3.85E-05,,
-0.099363215,-3.72E-05,,
-0.094446801,-3.57E-05,,
-0.08927162,-3.43E-05,,
-0.084484585,-3.28E-05,,
-0.079309404,-3.15E-05,,
-0.074004851,-3.01E-05,,
-0.069088429,-2.89E-05,,
-0.063913256,-2.74E-05,,
-0.059514355,-2.62E-05,,
-0.054209799,-2.48E-05,,
-0.04929338,-2.36E-05,,
-0.044376962,-2.23E-05,,
-0.039460544,-2.12E-05,,
-0.034414746,-1.99E-05,,
-0.02936895,-1.87E-05,,
-0.024193773,-1.73E-05,,
-0.019406734,-1.63E-05,,
-0.014360937,-1.50E-05,,
-0.009573899,-1.39E-05,,
-0.004398722,-1.27E-05,,
0.000647075,-1.15E-05,,
0.005175355,-1.03E-05,,
0.009962393,-9.29E-06,,
0.015525708,-8.05E-06,,
0.020183368,-6.94E-06,,
0.025229165,-5.74E-06,,
0.029886823,-4.68E-06,,
0.035191379,-3.46E-06,,
0.040237177,-2.39E-06,,
0.044894837,-1.22E-06,,
0.050199393,-3.38E-08,,
0.055245191,1.21E-06,,
0.059902851,2.36E-06,,
0.064948648,3.63E-06,,
0.070123821,4.80E-06,,
0.075040244,6.08E-06,,
0.079956658,7.26E-06,,
0.08487308,8.65E-06,,
0.089918874,9.89E-06,,
0.095094055,1.13E-05,,
0.09988109,1.27E-05,,
0.104797505,1.42E-05,,
0.109972686,1.55E-05,,
0.11501848,1.72E-05,,
0.119676143,1.86E-05,,
0.124851316,2.03E-05,,
0.129767731,2.20E-05,,
0.134425402,2.38E-05,,
0.139988706,2.55E-05,,
0.144775748,2.75E-05,,
0.14982155,2.94E-05,,
0.154479206,3.15E-05,,
0.159525007,3.36E-05,,
0.164829552,3.58E-05,,
0.169616595,3.80E-05,,
0.17453301,4.05E-05,,
0.179578811,4.28E-05,,
0.184495226,4.55E-05,,
0.189411655,4.80E-05,,
0.194198683,5.09E-05,,
0.199503243,5.37E-05,,
0.204290286,5.67E-05,,
0.209336072,5.98E-05,,
0.214640632,6.31E-05,,
0.219427675,6.64E-05,,
0.224732235,6.98E-05,,
0.229389891,7.33E-05,,
0.234694451,7.72E-05,,
0.239610866,8.09E-05,,
0.244915426,8.49E-05,,
0.249573082,8.88E-05,,
0.254618883,9.31E-05,,
0.259923428,9.73E-05,,
0.264581084,0.000101687,,
0.269756258,0.000106134,,
0.274672687,0.00011086,,
0.27984786,0.000115546,,
0.284634888,0.000120466,,
0.289551318,0.000125386,,
0.294467747,0.00013061,,
0.299513549,0.000135801,,
0.30455932,0.000141129,,
0.30947575,0.000146702,,
0.314392179,0.000152515,,
0.319826096,0.000158218,,
0.324095637,0.000164115,,
0.329400182,0.000170109,,
0.334316611,0.000176382,,
0.339362383,0.000182525,,
0.344278812,0.00018903,,
0.34906584,0.000195497,,
0.354370415,0.000202255,,
0.359545588,0.000209045,,
0.364332616,0.000206295,,
0.369378418,0.00021332,,
0.374424219,0.000220506,,
0.379211247,0.000227691,,
0.38438642,0.000235195,,
0.389173478,0.00024238,,
0.394219279,0.000250045,,
0.399523824,0.000258028,,
0.40418148,0.000265852,,
0.40909791,0.000273516,,
0.414273083,0.000281979,,
0.419577628,0.000289962,,
0.424235284,0.000298744,,
0.429151714,0.000306887,,
0.434197515,0.00031535,,
0.438984543,0.000323972,,
0.444030344,0.000332754,,
0.449205518,0.000341536,,
0.454121947,0.000350318,,
0.459167749,0.000359739,,
0.463954777,0.00036868,,
0.469000578,0.000377622,,
0.474434495,0.000386563,,
0.479480296,0.000396463,,
0.484137952,0.000405564,,
0.489183754,0.000414506,,
0.494488329,0.000424565,,
0.499145985,0.000433666,,
0.504321158,0.000443566,,
0.509237587,0.000452986,,
0.514283359,0.000462566,,
0.519717276,0.000472306,,
0.524116218,0.000482046,,
0.529420733,0.000491307,,
0.534207821,0.000501526,,
0.539253592,0.000511266,,
0.544428766,0.000520846,,
0.549474597,0.000530906,,
0.554261625,0.000540646,,
0.559178054,0.000550226,,
0.564353228,0.000560445,,
0.569269598,0.000570344,,
0.574186027,0.000580244,,
0.5793612,0.000589824,,
0.584407032,0.000599883,,
0.589323461,0.000609783,,
0.594239831,0.000619363,,
0.59915626,0.000629103,,
0.604202092,0.000639003,,
0.60898912,0.000648104,,
0.614552438,0.000657844,,
0.618951321,0.000667584,,
0.624385238,0.000677004,,
0.629172266,0.000686425,,
0.634088695,0.000695845,,
0.639263868,0.000705106,,
0.64366281,0.000714687,,
0.649096727,0.000724107,,
0.654271901,0.000732889,,
0.659447074,0.00074231,,
0.664234102,0.000751092,,
0.669279933,0.000759394,,
0.674066961,0.000768017,,
0.679242134,0.000776958,,
0.684287906,0.000785261,,
0.689204335,0.000793245,,
0.694250166,0.000801867,,
0.699295938,0.000809531,,
0.704212368,0.000817355,,
0.708869994,0.000825179,,
0.714433312,0.000832683,,
0.7192204,0.000839869,,
0.724007428,0.000846734,,
0.729311943,0.0008536,,
0.73409903,0.000860147,,
0.739274204,0.000866533,,
0.744319975,0.00087292,,
0.748977661,0.000878669,,
0.754152834,0.000884896,,
0.759069204,0.000891282,,
0.764373779,0.000896552,,
0.769160807,0.000901661,,
0.774206638,0.00090709,,
0.77925241,0.000911241,,
0.784556985,0.000916031,,
0.789214611,0.000920183,,
0.794389784,0.000924015,,
0.799306214,0.000927208,,
0.8039639,0.000930562,,
0.809139073,0.000934074,,
0.814055502,0.000936948,,
0.819230676,0.000939982,,
0.824276447,0.000942377,,
0.829322278,0.000944293,,
0.834497452,0.000946209,,
0.839543223,0.000948604,,
0.844330251,0.000950041,,
0.849246681,0.00095068,,
0.854292512,0.000952277,,
0.859467685,0.000952277,,
0.864513457,0.000953075,,
0.869300485,0.000952756,,
0.874346316,0.000953075,,
0.879392087,0.000952436,,
0.884308517,0.000951957,,
0.889224946,0.000951159,,
0.894270718,0.000949882,,
0.899316549,0.000948445,,
0.904491723,0.000947327,,
0.909408092,0.00094573,,
0.914583266,0.000943495,,
0.919758499,0.00094094,,
0.92480427,0.000939024,,
0.929332554,0.00093599,,
0.934248984,0.000932797,,
0.939812303,0.000929603,,
0.944340587,0.000925931,,
0.949774504,0.000922099,,
0.954561532,0.000918426,,
0.959477961,0.000914435,,
0.964394391,0.000910124,,
0.969828308,0.000905972,,
0.974615335,0.000901022,,
0.979790509,0.000896232,,
0.984448195,0.000891442,,
0.989493966,0.000886333,,
0.994151652,0.000880904,,
0.999714971,0.000875954,,
1.004501939,0.000870046,,
1.009418368,0.000864937,,
1.014593601,0.000859348,,
1.019510031,0.000853121,,
1.02442646,0.000847533,,
1.029472232,0.000841146,,
1.034776807,0.000835557,,
1.039434433,0.000829011,,
1.044092059,0.000822943,,
1.04978478,0.000817036,,
1.054183722,0.000811287,,
1.059488297,0.000804581,,
1.06466341,0.000798993,,
1.069450498,0.000792606,,
1.074496269,0.000786538,,
1.079153895,0.000779992,,
1.084587812,0.000774403,,
1.0893749,0.000767857,,
1.094550014,0.000761949,,
1.099466443,0.000755722,,
1.104641676,0.000749654,,
1.109428644,0.000744066,,
1.114345074,0.000737999,,
1.119390965,0.00073225,,
1.124436736,0.000726662,,
1.129741311,0.000720754,,
1.134398937,0.000715006,,
1.139574051,0.000708938,,
1.14449048,0.00070335,,
1.149277568,0.000698241,,
1.153935194,0.000693131,,
1.159369111,0.000688022,,
1.164285541,0.000682912,,
1.16920197,0.000678122,,
1.174506545,0.000673492,,
1.179164171,0.00066918,,
1.184339404,0.000663911,,
1.189385176,0.00065992,,
1.194430947,0.000655768,,
1.199218035,0.000650978,,
1.204651952,0.000646667,,
1.209439039,0.000643154,,
1.214484811,0.000639641,,
1.219659925,0.000635171,,
1.224705815,0.000632137,,
1.229492784,0.000628145,,
1.234538555,0.000624952,,
1.239584446,0.000621758,,
1.244888902,0.000618565,,
1.249675989,0.000614892,,
1.254463077,0.000612657,,
1.25963819,0.000609304,,
1.26455462,0.000606589,,
1.269471049,0.000604673,,
1.274646163,0.000602119,,
1.279950738,0.000599404,,
1.284867167,0.000597329,,
1.289912939,0.000595093,,
1.29495883,0.000593496,,
1.300004601,0.0005919,,
1.305179715,0.000589824,,
1.310225606,0.000588227,,
1.315142035,0.00058679,,
1.320058346,0.000585353,,
1.324974775,0.000583916,,
1.329891205,0.000582639,,
1.33519578,0.000581521,,
1.340241551,0.000580244,,
1.345157981,0.000579765,,
1.35007441,0.000578647,,
1.354732037,0.000577849,,
1.360036612,0.000577849,,
1.365341187,0.000576891,,
1.370257616,0.000576412,,
1.375174046,0.000576092,,
1.380349159,0.000576092,,
1.385136247,0.000575773,,
1.390182018,0.000575134,,
1.395098448,0.000575294,,
1.400144219,0.000575773,,
1.405060649,0.000575933,,
1.410106421,0.000576252,,
1.41502285,0.000576731,,
1.41993928,0.00057737,,
1.425243855,0.00057737,,
1.430289626,0.000578487,,
1.435206056,0.000578966,,
1.440381289,0.000579924,,
1.445168257,0.000580723,,
1.449955344,0.000581841,,
1.455389261,0.000583278,,
1.460435033,0.000584236,,
1.465480804,0.000586152,,
1.470397234,0.00058711,,
1.475313663,0.000587748,,
1.480100751,0.000589824,,
1.485275865,0.000590942,,
1.490451097,0.000592698,,
1.495496869,0.000594295,,
1.500283957,0.000595732,,
1.50545907,0.000597808,,
1.510116816,0.000599404,,
1.515680075,0.000601959,,
1.520467162,0.000603236,,
1.525383592,0.000605632,,
1.530688047,0.000607867,,
1.535604477,0.000610102,,
1.540391564,0.000612338,,
1.545566678,0.000614413,,
1.550612569,0.000616808,,
1.555399537,0.000618884,,
1.56057477,0.00062112,,
1.565232396,0.000623355,,
1.570666313,0.00062591,,
1.575323939,0.000628943,,
1.58036983,0.000631498,,
1.585156798,0.000634372,,
1.590461373,0.000636767,,
1.595377803,0.000639641,,
1.600035429,0.000642675,,
1.605340004,0.000645389,,
1.610644579,0.000648743,,
1.615561008,0.000651617,,
1.619701147,0.00065465,,
1.62552321,0.000657525,,
1.630827785,0.000660558,,
1.635485411,0.000663273,,
1.640660644,0.000666785,,
1.64531827,0.00066934,,
1.650622845,0.000672853,,
1.655409813,0.000676206,,
1.660714388,0.000679559,,
1.665501475,0.000682593,,
1.670417905,0.000685467,,
1.675722361,0.00068866,,
1.680250645,0.000691694,,
1.685425878,0.000695047,,
1.690342307,0.000698241,,
1.695517421,0.000702073,,
1.699916363,0.000704468,,
1.695388079,0.000682912,,
1.68982482,0.000663592,,
1.685296535,0.00064523,,
1.680250645,0.000628145,,
1.674816728,0.000611699,,
1.670159101,0.000595892,,
1.665501475,0.000581202,,
1.660326242,0.000566352,,
1.655280471,0.00055294,,
1.650364041,0.000539049,,
1.64531827,0.000526594,,
1.64040184,0.000514459,,
1.635097265,0.000502484,,
1.630180836,0.000491307,,
1.625135064,0.00048029,,
1.620865583,0.000468794,,
1.615302205,0.000458734,,
1.610256433,0.000448835,,
1.605340004,0.000439255,,
1.60016489,0.000429515,,
1.595377803,0.000420094,,
1.589943886,0.000411152,,
1.58528626,0.000402051,,
1.579852223,0.000393589,,
1.575323939,0.000385605,,
1.570019484,0.000377462,,
1.564973593,0.000369319,,
1.560057163,0.000361814,,
1.555011392,0.000354469,,
1.550353765,0.000347604,,
1.545049191,0.00033978,,
1.540391564,0.000333553,,
1.535086989,0.000326527,,
1.530041218,0.000319661,,
1.525642276,0.000313274,,
1.520208359,0.000307047,,
1.515033126,0.000301139,,
1.510246158,0.000294912,,
1.505200386,0.000288845,,
1.499637008,0.000282937,,
1.495108724,0.000277189,,
1.490192294,0.00027176,,
1.485146523,0.000266331,,
1.479971409,0.000261381,,
1.474796176,0.000255474,,
1.470267892,0.000250683,,
1.464963317,0.000245574,,
1.459917545,0.000240624,,
1.455001116,0.000235994,,
1.450084686,0.000231204,,
1.444909573,0.000226094,,
1.440122485,0.000221943,,
1.434688568,0.000217153,,
1.430030942,0.000213001,,
1.424855709,0.00020853,,
1.419809937,0.000204219,,
1.41502285,0.000199748,,
1.409718275,0.000195597,,
1.404801965,0.000191605,,
1.400532365,0.000198649,,
1.394710302,0.000193477,,
1.389664531,0.000189587,,
1.385006905,0.000185845,,
1.379961014,0.00018213,,
1.374915242,0.000178498,,
1.370386958,0.000174945,,
1.364823699,0.000171397,,
1.359777927,0.000167895,,
1.355120182,0.00016449,,
1.349686265,0.000161047,,
1.344769835,0.000157778,,
1.339724064,0.000154535,,
1.334807634,0.000151253,,
1.330020666,0.000148133,,
1.324974775,0.000145142,,
1.319799662,0.000142067,,
1.314883232,0.000138986,,
1.309190512,0.000136073,,
1.30479157,0.000133141,,
1.299357653,0.000130169,,
1.294700027,0.000127399,,
1.289524794,0.000124518,,
1.284737825,0.000121864,,
1.279562593,0.000119133,,
1.274516821,0.00011642,,
1.269471049,0.000113708,,
1.264295816,0.00011108,,
1.259379387,0.000108536,,
1.254333615,0.000105986,,
1.249417186,0.000103584,,
1.244242072,0.000101234,,
1.239196301,9.88E-05,,
1.234538555,9.64E-05,,
1.229363441,9.41E-05,,
1.224188209,9.18E-05,,
1.218883634,8.96E-05,,
1.214226007,8.73E-05,,
1.209180236,8.51E-05,,
1.204134464,8.30E-05,,
1.198959231,8.08E-05,,
1.194172263,7.88E-05,,
1.189255834,7.67E-05,,
1.183951259,7.48E-05,,
1.179293633,7.28E-05,,
1.173859596,7.08E-05,,
1.168943286,6.88E-05,,
1.164026856,6.70E-05,,
1.158980966,6.50E-05,,
1.154064655,6.32E-05,,
1.148889422,6.13E-05,,
1.143972993,5.97E-05,,
1.138927221,5.79E-05,,
1.134269595,5.62E-05,,
1.129094362,5.45E-05,,
1.124307275,5.29E-05,,
1.119390965,5.12E-05,,
1.114345074,4.96E-05,,
1.109299302,4.81E-05,,
1.104253531,4.64E-05,,
1.099466443,4.49E-05,,
1.094161987,4.34E-05,,
1.0893749,4.19E-05,,
1.084070325,4.05E-05,,
1.079542041,3.90E-05,,
1.074237466,3.76E-05,,
1.069321036,3.62E-05,,
1.064275265,3.49E-05,,
1.059229493,3.35E-05,,
1.054183722,3.22E-05,,
1.049267292,3.09E-05,,
1.04422152,2.96E-05,,
1.039434433,2.83E-05,,
1.0342592,2.71E-05,,
1.029213428,2.59E-05,,
1.024296999,2.46E-05,,
1.019121885,2.36E-05,,
1.014464259,2.23E-05,,
1.009289026,2.13E-05,,
1.004372597,2.01E-05,,
0.999326825,1.90E-05,,
0.99402225,1.79E-05,,
0.989364624,1.69E-05,,
0.984448195,1.58E-05,,
0.979402363,1.48E-05,,
0.974356592,1.38E-05,,
0.96931076,1.28E-05,,
0.964394391,1.18E-05,,
0.959348559,1.08E-05,,
0.95443213,9.89E-06,,
0.949256957,8.88E-06,,
0.944340587,8.02E-06,,
0.939553499,7.09E-06,,
0.934378326,6.18E-06,,
0.929461956,5.32E-06,,
0.924286723,4.42E-06,,
0.919499695,3.56E-06,,
0.91419518,2.60E-06,,
0.90927875,1.74E-06,,
0.904362321,8.21E-07,,
0.899187148,-6.08E-08,,
0.894141316,-1.01E-06,,
0.888707399,-1.85E-06,,
0.884179115,-2.74E-06,,
0.879133344,-3.54E-06,,
0.874216914,-4.47E-06,,
0.869041741,-5.37E-06,,
0.864125311,-6.30E-06,,
0.858950138,-7.23E-06,,
0.85416311,-8.18E-06,,
0.848987937,-9.17E-06,,
0.844071507,-1.01E-05,,
0.838896334,-1.11E-05,,
0.833850563,-1.23E-05,,
0.829063475,-1.32E-05,,
0.82375896,-1.44E-05,,
0.819101274,-1.55E-05,,
0.814184844,-1.67E-05,,
0.808880329,-1.80E-05,,
0.8039639,-1.92E-05,,
0.799176872,-2.05E-05,,
0.794260442,-2.19E-05,,
0.789344013,-2.32E-05,,
0.784168839,-2.47E-05,,
0.77925241,-2.63E-05,,
0.77433598,-2.79E-05,,
0.769290209,-2.96E-05,,
0.763856292,-3.14E-05,,
0.759069204,-3.33E-05,,
0.754023433,-3.52E-05,,
0.748848259,-3.72E-05,,
0.744190574,-3.93E-05,,
0.738886058,-4.15E-05,,
0.733840227,-4.37E-05,,
0.728923798,-4.60E-05,,
0.72413677,-4.85E-05,,
0.719349742,-5.11E-05,,
0.714174569,-5.38E-05,,
0.708869994,-5.66E-05,,
0.70369482,-5.95E-05,,
0.699037194,-6.25E-05,,
0.693862021,-6.56E-05,,
0.68881619,-6.89E-05,,
0.684029162,-7.22E-05,,
0.679112732,-7.57E-05,,
0.674066961,-7.94E-05,,
0.668762386,-8.31E-05,,
0.663975358,-8.70E-05,,
0.659058928,-9.10E-05,,
0.654013157,-9.51E-05,,
0.648967326,-9.93E-05,,
0.644180298,-0.000103869,,
0.639134526,-0.000108419,,
0.633829951,-0.000113145,,
0.628913522,-0.000117896,,
0.62386775,-0.000122958,,
0.619080722,-0.000128014,,
0.614293635,-0.000133264,,
0.609118462,-0.000138546,,
0.60407269,-0.000144041,,
0.59915626,-0.000149654,,
0.593981087,-0.00015537,,
0.589323461,-0.000161189,,
0.584018886,-0.000167215,,
0.579231858,-0.000173449,,
0.574186027,-0.000179748,,
0.569010854,-0.000186266,,
0.564223826,-0.00019283,,
0.559307396,-0.000199607,,
0.554132223,-0.000206462,,
0.549086452,-0.000222581,,
0.544299424,-0.000229287,,
0.538994849,-0.000236791,,
0.533819675,-0.000243977,,
0.529420733,-0.000251641,,
0.524374962,-0.000259145,,
0.519199789,-0.00026681,,
0.514283359,-0.000273995,,
0.509108186,-0.000282138,,
0.503803611,-0.000289802,,
0.499145985,-0.000298265,,
0.494229555,-0.000305769,,
0.489313155,-0.000314072,,
0.48400858,-0.000322694,,
0.479221553,-0.000331157,,
0.473916978,-0.00033946,,
0.469000578,-0.000347922,,
0.464084148,-0.000356225,,
0.458650231,-0.000365167,,
0.453733802,-0.000373949,,
0.448688,-0.000382731,,
0.443900973,-0.000391193,,
0.439372689,-0.000400294,,
0.434068143,-0.000409076,,
0.428763568,-0.00041706,,
0.424105912,-0.000426321,,
0.419060111,-0.000435103,,
0.413626194,-0.000443884,,
0.408968508,-0.000452507,,
0.404440254,-0.000461448,,
0.399006307,-0.00047039,,
0.394089878,-0.000478852,,
0.38930285,-0.000488113,,
0.384127676,-0.000496416,,
0.379211247,-0.000505677,,
0.374294847,-0.00051414,,
0.369249046,-0.000522762,,
0.364332616,-0.000531224,,
0.359028071,-0.000539687,,
0.354241014,-0.00054783,,
0.349324614,-0.000556452,,
0.344278812,-0.000564596,,
0.339103639,-0.000573218,,
0.334445983,-0.000580882,,
0.32927081,-0.000588706,,
0.324483752,-0.00059637,,
0.319567353,-0.000604992,,
0.314262778,-0.000612816,,
0.309346378,-0.00062048,,
0.30455932,-0.000627985,,
0.29964292,-0.000635649,,
0.294467747,-0.000642675,,
0.28968069,-0.000650019,,
0.284634888,-0.000656406,,
0.279718488,-0.000663591,,
0.274802059,-0.000670457,,
0.270144403,-0.000677642,,
0.264581084,-0.000684189,,
0.259664685,-0.000690735,,
0.254748255,-0.000697761,,
0.249702454,-0.000704307,,
0.244656667,-0.000711173,,
0.239481479,-0.00071756,,
0.234565064,-0.000723787,,
0.22964865,-0.000729855,,
0.224602848,-0.000735284,,
0.219557047,-0.000741351,,
0.214640632,-0.000747419,,
0.209465459,-0.000753007,,
0.204290286,-0.000757318,,
0.199244484,-0.000762428,,
0.194069311,-0.000766898,,
0.189670414,-0.000771529,,
0.184107095,-0.00077584,,
0.17919068,-0.00078047,,
0.17453301,-0.000784941,,
0.169357836,-0.000789412,,
0.164441422,-0.000792765,,
0.159525007,-0.000796437,,
0.154737964,-0.00080011,,
0.149433404,-0.000803782,,
0.144905135,-0.000806337,,
0.139729947,-0.000810169,,
0.13468416,-0.000812724,,
0.129508972,-0.000816396,,
0.124592558,-0.000818951,,
0.119546764,-0.000821825,,
0.115147859,-0.000823262,,
0.109584548,-0.000826136,,
0.104797505,-0.000828372,,
0.099751711,-0.000830288,,
0.09457653,-0.000831884,,
0.089789495,-0.00083396,,
0.08500246,-0.000835557,,
0.0796979,-0.000836515,,
0.074781485,-0.000838112,,
0.07038258,-0.00083907,,
0.064819269,-0.000840507,,
0.059902851,-0.000841305,,
0.054857053,-0.000842103,,
0.049811255,-0.000842582,,
0.044765458,-0.000843061,,
0.039978418,-0.0008437,,
0.034673862,-0.000844019,,
0.030016202,-0.00084354,,
0.024841027,-0.000843221,,
0.020053988,-0.000842902,,
0.015008191,-0.000842263,,
0.009833014,-0.000841944,,
0.005045976,-0.000840986,,
0.000258937,-0.000840187,,
-0.004528102,-0.000838271,,
-0.009703279,-0.000837313,,
-0.014490317,-0.000835557,,
-0.019536113,-0.0008338,,
-0.024581911,-0.000832363,,
-0.029498329,-0.000830128,,
-0.034802884,-0.000828052,,
-0.039719302,-0.000825977,,
-0.044376962,-0.000823901,,
-0.04942276,-0.000821027,,
-0.054468557,-0.000818791,,
-0.059643734,-0.000815917,,
-0.064560153,-0.000812724,,
-0.069605947,-0.00080969,,
-0.074522369,-0.000806976,,
-0.079697542,-0.000803942,,
-0.084613964,-0.00080027,,
-0.089400999,-0.000796437,,
-0.094705559,-0.000792765,,
-0.099621974,-0.000788614,,
-0.104538396,-0.000784782,,
-0.109454811,-0.000780311,,
-0.114500605,-0.000776319,,
-0.119675785,-0.000771848,,
-0.124333441,-0.000766739,,
-0.129249856,-0.000762428,,
-0.134683803,-0.000758276,,
-0.1390827,-0.000753007,,
-0.144257873,-0.000748377,,
-0.149433047,-0.000743586,,
-0.154608235,-0.000738956,,
-0.159524649,-0.000733527,,
-0.164311677,-0.000728577,,
-0.169357479,-0.000723308,,
-0.174273893,-0.00071772,,
-0.179319695,-0.00071261,,
-0.184365496,-0.000707182,,
-0.189799428,-0.000701593,,
-0.194457084,-0.000696324,,
-0.199373513,-0.000690416,,
-0.204548687,-0.000684987,,
-0.209594488,-0.000679558,,
-0.214640275,-0.000673491,,
-0.219427317,-0.000667583,,
-0.224473119,-0.000662474,,
-0.229648292,-0.000655768,,
-0.234564707,-0.000650339,,
-0.239481121,-0.000644591,,
-0.244268164,-0.000639002,,
-0.249443337,-0.000633254,,
-0.25423038,-0.000627186,,
-0.259405553,-0.000621438,,
-0.264580727,-0.00061569,,
-0.269367784,-0.000609782,,
-0.274154812,-0.000603875,,
-0.279459357,-0.000597967,,
-0.284375787,-0.000592378,,
-0.289162815,-0.000587269,,
-0.294208616,-0.000581201,,
-0.299383789,-0.000575613,,
-0.304170847,-0.000570024,,
-0.30934602,-0.000564596,,
-0.314391822,-0.000559007,,
-0.319308221,-0.000553419,,
-0.324354023,-0.00054799,,
-0.329270452,-0.000542401,,
-0.33405748,-0.000537452,,
-0.339103281,-0.000531863,,
-0.344149083,-0.000526913,,
-0.349065483,-0.000521644,,
-0.354111284,-0.000517014,,
-0.359157085,-0.000511425,,
-0.364073515,-0.000506316,,
-0.368860543,-0.000501685,,
-0.373906344,-0.000496576,,
-0.379210889,-0.000491945,,
-0.383997947,-0.000487155,,
-0.388914347,-0.000482684,,
-0.393960148,-0.000478054,,
-0.399264723,-0.000473903,,
-0.404310495,-0.000469272,,
-0.409485698,-0.00046544,,
-0.414402097,-0.000461768,,
-0.419447899,-0.000456977,,
-0.4244937,-0.000453145,,
-0.4294101,-0.000448675,,
-0.434197158,-0.000444523,,
-0.439372331,-0.000440851,,
-0.444029987,-0.00043654,,
-0.44920516,-0.000433187,,
-0.453862816,-0.000429514,,
-0.459167391,-0.00042648,,
-0.464601308,-0.000422329,,
-0.46900022,-0.000419295,,
-0.473787248,-0.000415782,,
-0.47883305,-0.000412908,,
-0.483749479,-0.000408917,,
-0.488924652,-0.000406202,,
-0.493841052,-0.000402849,,
-0.498757482,-0.000398857,,
-0.494099826,-0.000381773,,
-0.488924652,-0.000367562,,
-0.484008223,-0.00035383,,
-0.478962421,-0.000341535,,
-0.474304765,-0.000330518,,
-0.468870848,-0.000319341,,
-0.463825047,-0.000309122,,
-0.458649874,-0.000299542,,
-0.453862816,-0.000289962,,
-0.448946416,-0.000281659,,
-0.443900615,-0.000273037,,
-0.438854814,-0.000265852,,
-0.434067786,-0.000257549,,
-0.429021984,-0.000250204,,
-0.423976183,-0.000243338,,
-0.418930382,-0.000236791,,
-0.413755208,-0.000229926,,
-0.40896818,-0.000224018,,
-0.403792977,-0.00021811,,
-0.398229688,-0.000211723,,
-0.393701404,-0.000206454,,
-0.388526231,-0.000200866,,
-0.383739173,-0.000195756,,
-0.378822774,-0.000191285,,
-0.374035716,-0.000177637,,
-0.368860543,-0.000172569,,
-0.363555998,-0.000167837,,
-0.359027714,-0.000163623,,
-0.354111284,-0.000159454,,
-0.349194884,-0.000155402,,
-0.344019711,-0.000151278,,
-0.338715136,-0.000147518,,
-0.334186852,-0.000143679,,
-0.329011679,-0.00014017,,
-0.323965877,-0.000136487,,
-0.318790704,-0.000133179,,
-0.314003676,-0.0001298,,
-0.309087247,-0.000126519,,
-0.304170847,-0.000123321,,
-0.299254417,-0.000120207,,
-0.294079244,-0.000117061,,
-0.289162815,-0.000114271,,
-0.284246415,-0.0001113,,
-0.279329985,-0.000108633,,
-0.273896039,-0.000105856,,
-0.269109011,-0.000103247,,
-0.264063209,-0.000100509,,
-0.259405553,-9.80E-05,,
-0.253971636,-9.55E-05,,
-0.249184579,-9.32E-05,,
-0.244268164,-9.06E-05,,
-0.239092991,-8.85E-05,,
-0.234305948,-8.60E-05,,
-0.229389533,-8.39E-05,,
-0.224473119,-8.16E-05,,
-0.219297931,-7.94E-05,,
-0.214252144,-7.73E-05,,
-0.209206343,-7.53E-05,,
-0.2044193,-7.31E-05,,
-0.199244127,-7.12E-05,,
-0.193939567,-6.92E-05,,
-0.189281911,-6.73E-05,,
-0.184365496,-6.53E-05,,
-0.179190323,-6.35E-05,,
-0.174273893,-6.16E-05,,
-0.16909872,-5.99E-05,,
-0.164182305,-5.80E-05,,
-0.159265891,-5.63E-05,,
-0.154090717,-5.45E-05,,
-0.148915529,-5.29E-05,,
-0.143869743,-5.12E-05,,
-0.1390827,-4.96E-05,,
-0.133907527,-4.79E-05,,
-0.129249856,-4.64E-05,,
-0.124074683,-4.47E-05,,
-0.119287647,-4.34E-05,,
-0.114371225,-4.18E-05,,
-0.109454811,-4.03E-05,,
-0.104279637,-3.87E-05,,
-0.099104457,-3.73E-05,,
-0.094446801,-3.59E-05,,
-0.089012861,-3.44E-05,,
-0.084225826,-3.31E-05,,
-0.079309404,-3.17E-05,,
-0.074392989,-3.03E-05,,
-0.069088429,-2.90E-05,,
-0.064301394,-2.76E-05,,
-0.059514355,-2.64E-05,,
-0.054080419,-2.51E-05,,
-0.04929338,-2.39E-05,,
-0.044118203,-2.25E-05,,
-0.039201785,-2.14E-05,,
-0.034155987,-2.02E-05,,
-0.028980812,-1.89E-05,,
-0.024193773,-1.77E-05,,
-0.019147975,-1.66E-05,,
-0.014231558,-1.53E-05,,
-0.009315141,-1.44E-05,,
-0.004398722,-1.31E-05,,
0.000517696,-1.20E-05,,
0.005175355,-1.09E-05,,
0.010350532,-9.86E-06,,
0.014878811,-8.71E-06,,
0.020053988,-7.69E-06,,
0.025487924,-6.48E-06,,
0.030274963,-5.46E-06,,
0.035062,-4.29E-06,,
0.039849039,-3.28E-06,,
0.045282975,-2.14E-06,,
0.050070014,-1.12E-06,,
0.054986432,3.67E-08,,
0.059902851,1.10E-06,,
0.065078028,2.25E-06,,
0.070253201,3.24E-06,,
0.075169623,4.52E-06,,
0.079956658,5.51E-06,,
0.08500246,6.79E-06,,
0.090307012,7.88E-06,,
0.094835289,9.09E-06,,
0.099751711,1.03E-05,,
0.104926884,1.17E-05,,
0.109843306,1.29E-05,,
0.115147859,1.43E-05,,
0.119546764,1.55E-05,,
0.124980696,1.70E-05,,
0.129897118,1.84E-05,,
0.134813532,2.00E-05,,
0.140118092,2.15E-05,,
0.144905135,2.31E-05,,
0.149950922,2.48E-05,,
0.154737964,2.65E-05,,
0.159654379,2.83E-05,,
0.16470018,3.02E-05,,
0.17000474,3.20E-05,,
0.174662396,3.41E-05,,
0.179966956,3.61E-05,,
0.184624612,3.84E-05,,
0.189541027,4.04E-05,,
0.19432807,4.28E-05,,
0.199632615,4.52E-05,,
0.204807803,4.78E-05,,
0.209594831,5.03E-05,,
0.215028778,5.30E-05,,
0.219427675,5.57E-05,,
0.224602848,5.87E-05,,
0.229778022,6.16E-05,,
0.234435692,6.47E-05,,
0.239610866,6.79E-05,,
0.244915426,7.13E-05,,
0.249443695,7.46E-05,,
0.2551364,7.81E-05,,
0.259794056,8.16E-05,,
0.26496923,8.54E-05,,
0.269626886,8.91E-05,,
0.274413913,9.32E-05,,
0.279718488,9.72E-05,,
0.284634888,0.000101293,,
0.289551318,0.000105481,,
0.294597119,0.000109831,,
0.299384147,0.000114194,,
0.304429948,0.000118822,,
0.309605122,0.000123437,,
0.314262778,0.000128376,,
0.319567353,0.000133173,,
0.32435438,0.000138248,,
0.329658926,0.000143362,,
0.334445983,0.000148625,,
0.339233011,0.000153894,,
0.344408184,0.000159448,,
0.349195242,0.000164911,,
0.354499787,0.000170756,,
0.359545588,0.000176446,,
0.364332616,0.000182486,,
0.369249046,0.000188512,,
0.374294847,0.00019472,,
0.379211247,0.00020098,,
0.384515822,0.000207233,,
0.389044106,0.0002039,,
0.394348651,0.000210606,,
0.399394453,0.000217312,,
0.40418148,0.000224178,,
0.409356654,0.000231204,,
0.414273083,0.000238389,,
0.419448256,0.000244935,,
0.424235284,0.000252759,,
0.429151714,0.000259625,,
0.434326887,0.000267129,,
0.439243317,0.000274794,,
0.444159716,0.000281979,,
0.449076146,0.000289803,,
0.453992575,0.000297786,,
0.459426492,0.00030545,,
0.464084148,0.000313274,,
0.469388723,0.000321737,,
0.474305123,0.000330359,,
0.479350924,0.000338502,,
0.484526098,0.000346965,,
0.489313155,0.000354948,,
0.494488329,0.00036373,,
0.499404728,0.000372033,,
0.504579902,0.000380336,,
0.509496331,0.000388639,,
0.514542103,0.00039758,,
0.519199789,0.000406362,,
0.524763107,0.000415304,,
0.529679537,0.000424086,,
0.534466565,0.000432548,,
0.539512336,0.00044165,,
0.544558167,0.000449793,,
0.549215794,0.000459373,,
0.554520369,0.000467995,,
0.559436798,0.000476937,,
0.564353228,0.000486357,,
0.569657743,0.000495299,,
0.574444771,0.000504081,,
0.5793612,0.000513182,,
0.584407032,0.000522283,,
0.589452803,0.000531065,,
0.594239831,0.000539687,,
0.599544406,0.000548948,,
0.604202092,0.00055773,,
0.609247863,0.000566512,,
0.614293635,0.000575294,,
0.619339466,0.000584236,,
0.623997092,0.000593337,,
0.628913522,0.000602119,,
0.634218097,0.00061122,,
0.639134526,0.000619842,,
0.644180298,0.000628624,,
0.649355471,0.000637087,,
0.654013157,0.000646028,,
0.659058928,0.00065481,,
0.66410476,0.000662953,,
0.669279933,0.000671416,,
0.674196303,0.000680038,,
0.679500878,0.000688181,,
0.684417307,0.000696644,,
0.689333737,0.000704468,,
0.694379508,0.00071293,,
0.699295938,0.000721073,,
0.70434171,0.000728259,,
0.709516943,0.000735763,,
0.714174569,0.000743587,,
0.719608486,0.000750932,,
0.724266171,0.000757798,,
0.729441345,0.000764664,,
0.734357774,0.000772328,,
0.739274204,0.000778555,,
0.744061232,0.000785421,,
0.749107003,0.000791648,,
0.754282176,0.000798194,,
0.75945735,0.000803943,,
0.764244437,0.000810489,,
0.769290209,0.000816237,,
0.77433598,0.000822145,,
0.779640555,0.000827733,,
0.784556985,0.000832524,,
0.789214611,0.000837473,,
0.794260442,0.000841785,,
0.799435616,0.000846255,,
0.804222643,0.000850886,,
0.809268475,0.000854558,,
0.81457299,0.00085855,,
0.819360018,0.000862542,,
0.824276447,0.000865895,,
0.829192877,0.000869088,,
0.83436805,0.000872601,,
0.83928448,0.000874836,,
0.844459653,0.00087771,,
0.849376082,0.000879626,,
0.854680598,0.000882022,,
0.859338284,0.000883299,,
0.864254713,0.000885375,,
0.869300485,0.000886492,,
0.874734461,0.00088777,,
0.879392087,0.000888728,,
0.884437919,0.000889686,,
0.88948369,0.000889845,,
0.894529462,0.000889686,,
0.899575293,0.000890005,,
0.904232919,0.000889845,,
0.910055041,0.000889366,,
0.914842069,0.000888728,,
0.919629097,0.00088745,,
0.925063014,0.000886812,,
0.929591298,0.000885055,,
0.934637129,0.000883459,,
0.939682901,0.000881543,,
0.94459933,0.000879147,,
0.94951576,0.000876912,,
0.954044044,0.000874198,,
0.959736705,0.000871643,,
0.964653134,0.00086829,,
0.969698906,0.000865895,,
0.974485993,0.000861743,,
0.979661167,0.000858869,,
0.984318793,0.000854878,,
0.990011513,0.000850886,,
0.994798541,0.000847054,,
0.999714971,0.000842902,,
1.004501939,0.000838272,,
1.009418368,0.000833801,,
1.014981747,0.00082933,,
1.019768715,0.00082438,,
1.024685144,0.00081991,,
1.029731035,0.000814481,,
1.034776807,0.000809212,,
1.039434433,0.000803464,,
1.04486835,0.000798993,,
1.049655437,0.000793085,,
1.054442406,0.000787816,,
1.059488297,0.000782547,,
1.064534068,0.000776799,,
1.069450498,0.00077121,,
1.074625611,0.000765462,,
1.079542041,0.000760193,,
1.084587812,0.000754285,,
1.089245558,0.000748058,,
1.094420671,0.000742629,,
1.099595904,0.000736881,,
1.104512334,0.000731133,,
1.109558105,0.000725385,,
1.114603877,0.000719636,,
1.119649649,0.000714048,,
1.124436736,0.00070814,,
1.129353166,0.000702552,,
1.134916425,0.000697123,,
1.139186025,0.000691055,,
1.14449048,0.000685627,,
1.148889422,0.000680198,,
1.154452682,0.000674929,,
1.159757257,0.00066934,,
1.164285541,0.00066455,,
1.169590116,0.0006596,,
1.174377203,0.00065465,,
1.179681778,0.000649381,,
1.184468746,0.000644751,,
1.189126372,0.000639801,,
1.194301605,0.00063533,,
1.19960618,0.0006307,,
1.204393148,0.000626069,,
1.209309578,0.000621918,,
1.214614153,0.000617766,,
1.21940124,0.000613296,,
1.224576354,0.000609304,,
1.229104638,0.000604514,,
1.234409213,0.00060148,,
1.239584446,0.000597648,,
1.24475956,0.000594455,,
1.249546647,0.000590463,,
1.254721761,0.000587429,,
1.259767532,0.000583916,,
1.264683962,0.000581042,,
1.269600391,0.000577849,,
1.274516821,0.000574815,,
1.279821396,0.000572101,,
1.285255313,0.000569067,,
1.290171742,0.000566512,,
1.294829369,0.000563798,,
1.299875259,0.000561722,,
1.305179715,0.000559806,,
1.310096145,0.000556932,,
1.315012574,0.000554696,,
1.320317149,0.0005531,,
1.325104237,0.000551343,,
1.330150008,0.000548948,,
1.334807634,0.000547032,,
1.340112209,0.000545755,,
1.344899297,0.000543999,,
1.35007441,0.000542402,,
1.355378985,0.000541763,,
1.360295415,0.000540326,,
1.365470529,0.000539049,,
1.370257616,0.000538091,,
1.375174046,0.000537133,,
1.380090475,0.000536015,,
1.38539505,0.000535696,,
1.390052676,0.000534738,,
1.39522779,0.000534418,,
1.400014877,0.00053346,,
1.404801965,0.000533141,,
1.410106421,0.000532662,,
1.415152311,0.000532981,,
1.420198083,0.000532502,,
1.425243855,0.000532662,,
1.430289626,0.000532981,,
1.435335398,0.000533141,,
1.440251827,0.000533141,,
1.445297718,0.000533301,,
1.45034349,0.00053346,,
1.455389261,0.000534259,,
1.460305691,0.000534578,,
1.465351462,0.000535217,,
1.47013855,0.000536015,,
1.475184321,0.000537133,,
1.480488896,0.000537612,,
1.485534668,0.00053857,,
1.490192294,0.000539528,,
1.495367527,0.000540486,,
1.500542641,0.000541444,,
1.505588531,0.000542562,,
1.510634303,0.000543679,,
1.515421271,0.000545436,,
1.520725846,0.000546873,,
1.525642276,0.00054815,,
1.530558705,0.000549587,,
1.53586328,0.000550864,,
1.540520906,0.000552461,,
1.545566678,0.000554537,,
1.550224423,0.000555814,,
1.555270195,0.00055789,,
1.560445309,0.000559487,,
1.565361738,0.000561562,,
1.570407629,0.000563478,,
1.575582743,0.000565873,,
1.58036983,0.000567789,,
1.58528626,0.000569546,,
1.590461373,0.000572101,,
1.595636606,0.000574815,,
1.600294232,0.000576731,,
1.605728149,0.000579126,,
1.610385776,0.000581521,,
1.615690351,0.000584076,,
1.620347977,0.000586311,,
1.625393867,0.000588547,,
1.630827785,0.000591421,,
1.635614753,0.000594455,,
1.640789986,0.00059685,,
1.645706415,0.000599404,,
1.650622845,0.00060148,,
1.655797958,0.000605312,,
1.660714388,0.000608027,,
1.665501475,0.000610581,,
1.670417905,0.000613296,,
1.675593019,0.00061585,,
1.68063879,0.000619044,,
1.685425878,0.000622237,,
1.69060111,0.000624632,,
1.695388079,0.000627506,,
1.700175166,0.000629582,,
1.695388079,0.00061138,,
1.690083504,0.000593656,,
1.685167074,0.000576891,,
1.680250645,0.000562041,,
1.675075531,0.000547192,,
1.670547247,0.00053362,,
1.665372014,0.000519888,,
1.660326242,0.000507274,,
1.655539274,0.00049482,,
1.650234699,0.000483164,,
1.64531827,0.000472147,,
1.64040184,0.000461129,,
1.635356069,0.000449952,,
1.630310297,0.000440053,,
1.62552321,0.000430473,,
1.620347977,0.000420892,,
1.615302205,0.000411152,,
1.610256433,0.00040269,,
1.605340004,0.000393748,,
1.600423574,0.000384966,,
1.595377803,0.000377302,,
1.590332031,0.000368999,,
1.585027456,0.000361016,,
1.579852223,0.000353352,,
1.575065255,0.000346326,,
1.570148826,0.000338502,,
1.565232396,0.000332115,,
1.560057163,0.000325569,,
1.555140853,0.000318384,,
1.550094962,0.000311997,,
1.545178533,0.000306089,,
1.540132761,0.000299862,,
1.535216331,0.000293954,,
1.530429363,0.000288046,,
1.525512934,0.000282139,,
1.520337701,0.00027655,,
1.515291929,0.000270483,,
1.5103755,0.000265213,,
1.505200386,0.000260264,,
1.500154495,0.000254835,,
1.494979382,0.000249725,,
1.490062952,0.000244776,,
1.485275865,0.000239826,,
1.480100751,0.000235355,,
1.475054979,0.000230405,,
1.470267892,0.000225934,,
1.465092778,0.000221464,,
1.460305691,0.000216833,,
1.455001116,0.000212522,,
1.449955344,0.000208371,,
1.444909573,0.000204379,,
1.440251827,0.000200227,,
1.434947371,0.000196236,,
1.429772139,0.000192404,,
1.42213881,0.0001907,,
1.420068741,0.0001934,,
1.41502285,0.000189503,,
1.410235882,0.000185819,,
1.404672503,0.000182182,,
1.399885535,0.000178615,,
1.394839644,0.000175093,,
1.389664531,0.000171656,,
1.384489298,0.000168251,,
1.37970233,0.000164969,,
1.374915242,0.000161726,,
1.370128274,0.000158477,,
1.365082383,0.000155311,,
1.360036612,0.000152165,,
1.354861498,0.000149091,,
1.35007441,0.000146029,,
1.345028639,0.000142954,,
1.339982867,0.000140009,,
1.335066438,0.00013716,,
1.329891205,0.000134286,,
1.324716091,0.000131568,,
1.319799662,0.000128797,,
1.31475389,0.000126033,,
1.309707999,0.000123392,,
1.304662228,0.000120699,,
1.298840165,0.000118045,,
1.294570684,0.00011543,,
1.289912939,0.000112951,,
1.284608483,0.000110361,,
1.279562593,0.00010796,,
1.274516821,0.000105539,,
1.269341707,0.000103099,,
1.264166474,0.000100716,,
1.259379387,9.84E-05,,
1.254463077,9.61E-05,,
1.249417186,9.39E-05,,
1.244500756,9.17E-05,,
1.239584446,8.95E-05,,
1.233891726,8.73E-05,,
1.229363441,8.52E-05,,
1.22431767,8.31E-05,,
1.219142437,8.11E-05,,
1.213967323,7.91E-05,,
1.209439039,7.71E-05,,
1.204134464,7.52E-05,,
1.19960618,7.32E-05,,
1.194301605,7.13E-05,,
1.189126372,6.94E-05,,
1.183951259,6.76E-05,,
1.179422975,6.57E-05,,
1.174247742,6.40E-05,,
1.169072628,6.22E-05,,
1.164156199,6.05E-05,,
1.159110427,5.87E-05,,
1.154193997,5.70E-05,,
1.149148226,5.54E-05,,
1.144361138,5.38E-05,,
1.139315367,5.22E-05,,
1.134269595,5.07E-05,,
1.129223704,4.91E-05,,
1.124307275,4.76E-05,,
1.119261503,4.61E-05,,
1.114345074,4.47E-05,,
1.109299302,4.32E-05,,
1.104253531,4.17E-05,,
1.099078298,4.04E-05,,
1.094550014,3.90E-05,,
1.0893749,3.77E-05,,
1.083552837,3.63E-05,,
1.079283237,3.50E-05,,
1.074496269,3.37E-05,,
1.069191694,3.24E-05,,
1.064404607,3.12E-05,,
1.059488297,3.00E-05,,
1.054313064,2.88E-05,,
1.049137831,2.76E-05,,
1.044092059,2.64E-05,,
1.03917563,2.52E-05,,
1.034518003,2.41E-05,,
1.029472232,2.30E-05,,
1.024296999,2.20E-05,,
1.019510031,2.09E-05,,
1.014205456,1.98E-05,,
1.009677172,1.88E-05,,
1.004243255,1.78E-05,,
0.999585569,1.69E-05,,
0.994539797,1.58E-05,,
0.989493966,1.49E-05,,
0.984448195,1.40E-05,,
0.979661167,1.30E-05,,
0.974485993,1.21E-05,,
0.96931076,1.12E-05,,
0.964523733,1.03E-05,,
0.959348559,9.49E-06,,
0.954561532,8.65E-06,,
0.949386358,7.75E-06,,
0.944211185,6.87E-06,,
0.939294755,6.06E-06,,
0.934378326,5.31E-06,,
0.929591298,4.48E-06,,
0.924545527,3.68E-06,,
0.919629097,2.98E-06,,
0.914453924,2.15E-06,,
0.909149349,1.30E-06,,
0.904232919,6.34E-07,,
0.899316549,-2.06E-07,,
0.894270718,-9.94E-07,,
0.889224946,-1.73E-06,,
0.884049773,-2.48E-06,,
0.879392087,-3.22E-06,,
0.874216914,-3.96E-06,,
0.869300485,-4.76E-06,,
0.864254713,-5.57E-06,,
0.858820736,-6.36E-06,,
0.854033709,-7.20E-06,,
0.849117279,-7.99E-06,,
0.844071507,-8.80E-06,,
0.83928448,-9.68E-06,,
0.834109306,-1.06E-05,,
0.82867533,-1.14E-05,,
0.824147105,-1.24E-05,,
0.819230676,-1.33E-05,,
0.814184844,-1.43E-05,,
0.809397817,-1.53E-05,,
0.804352045,-1.63E-05,,
0.79904747,-1.74E-05,,
0.794260442,-1.86E-05,,
0.789344013,-1.97E-05,,
0.784427583,-2.10E-05,,
0.77925241,-2.23E-05,,
0.77433598,-2.36E-05,,
0.769290209,-2.50E-05,,
0.764244437,-2.64E-05,,
0.759328008,-2.80E-05,,
0.754023433,-2.96E-05,,
0.749107003,-3.12E-05,,
0.744190574,-3.30E-05,,
0.739144802,-3.48E-05,,
0.73409903,-3.67E-05,,
0.729182601,-3.86E-05,,
0.723619282,-4.07E-05,,
0.7192204,-4.28E-05,,
0.714045167,-4.50E-05,,
0.708999395,-4.74E-05,,
0.704082966,-4.98E-05,,
0.699037194,-5.24E-05,,
0.694120765,-5.50E-05,,
0.689204335,-5.78E-05,,
0.68389976,-6.06E-05,,
0.67898339,-6.35E-05,,
0.673937559,-6.66E-05,,
0.669150531,-6.97E-05,,
0.663845956,-7.31E-05,,
0.659058928,-7.65E-05,,
0.654401302,-8.00E-05,,
0.648967326,-8.36E-05,,
0.644050956,-8.75E-05,,
0.639134526,-9.15E-05,,
0.634218097,-9.55E-05,,
0.628654778,-9.97E-05,,
0.624255896,-0.000103985,,
0.619080722,-0.000108413,,
0.614164293,-0.000112964,,
0.60898912,-0.00011765,,
0.604202092,-0.000122453,,
0.599026918,-0.000127302,,
0.593981087,-0.000132299,,
0.589064658,-0.000137478,,
0.58427763,-0.000142831,,
0.579231858,-0.000148379,,
0.574444771,-0.000153907,,
0.569140255,-0.000159635,,
0.564223826,-0.000165584,,
0.559307396,-0.000171688,,
0.554390967,-0.000177799,,
0.549345195,-0.000184123,,
0.544428766,-0.000190435,,
0.539382994,-0.000196921,,
0.534337163,-0.000203614,,
0.529032648,-0.000218908,,
0.524374962,-0.000225934,,
0.519070387,-0.000232959,,
0.514283359,-0.000239985,,
0.509108186,-0.00024733,,
0.504062414,-0.000254196,,
0.499145985,-0.00026186,,
0.494358927,-0.000269205,,
0.489571899,-0.000276869,,
0.484396726,-0.000284852,,
0.479350924,-0.000292038,,
0.474305123,-0.000300021,,
0.469000578,-0.000308005,,
0.46421352,-0.000316467,,
0.459167749,-0.000324291,,
0.453863174,-0.000332594,,
0.448946774,-0.000340897,,
0.444289118,-0.000349679,,
0.439113915,-0.000357982,,
0.434197515,-0.000366284,,
0.429022342,-0.000374428,,
0.424235284,-0.00038305,,
0.419448256,-0.000391991,,
0.413884938,-0.000400454,,
0.40909791,-0.000409236,,
0.403922737,-0.000417539,,
0.399135679,-0.000425682,,
0.394478023,-0.000434464,,
0.389044106,-0.000442767,,
0.384127676,-0.000451229,,
0.379470021,-0.000459692,,
0.374424219,-0.000468154,,
0.369249046,-0.000476936,,
0.364332616,-0.000485558,,
0.359416217,-0.000493861,,
0.354241014,-0.000502643,,
0.349324614,-0.000510786,,
0.344278812,-0.00051861,,
0.339621156,-0.000527392,,
0.334057838,-0.000535855,,
0.329658926,-0.000543519,,
0.324742526,-0.000551662,,
0.319567353,-0.000559646,,
0.314650923,-0.000567949,,
0.309863895,-0.000575932,,
0.30455932,-0.000582798,,
0.299901664,-0.00059158,,
0.294597119,-0.000598765,,
0.289551318,-0.00060595,,
0.284634888,-0.000612976,,
0.27984786,-0.00062064,,
0.27557835,-0.000627825,,
0.269626886,-0.000635489,,
0.26496923,-0.000642196,,
0.259276539,-0.00064986,,
0.254748255,-0.000656885,,
0.249702454,-0.000663272,,
0.24452728,-0.000670457,,
0.239740238,-0.000677642,,
0.234565064,-0.000684029,,
0.229260504,-0.000690416,,
0.224602848,-0.000696643,,
0.219557047,-0.000702072,,
0.214640632,-0.000708299,,
0.209594831,-0.000714207,,
0.204031527,-0.000719955,,
0.199373856,-0.000725224,,
0.194457442,-0.000730174,,
0.189152896,-0.000735284,,
0.184365854,-0.000740393,,
0.179320052,-0.000745023,,
0.17453301,-0.000749494,,
0.169487223,-0.000753326,,
0.16470018,-0.000758276,,
0.159654379,-0.000761949,,
0.154479206,-0.00076626,,
0.149562791,-0.000770251,,
0.14451699,-0.000773764,,
0.139729947,-0.000777117,,
0.134813532,-0.000780949,,
0.129638359,-0.000784302,,
0.124592558,-0.000787815,,
0.119676143,-0.000790689,,
0.114500962,-0.000792925,,
0.109713927,-0.000796597,,
0.104538746,-0.000798992,,
0.09988109,-0.000801068,,
0.09457653,-0.000803303,,
0.089789495,-0.000805219,,
0.08487308,-0.000807135,,
0.079956658,-0.000808732,,
0.075040244,-0.000810968,,
0.069865063,-0.000812245,,
0.065078028,-0.000813682,,
0.059902851,-0.0008148,,
0.054857053,-0.000816077,,
0.049940635,-0.000817035,,
0.045024216,-0.000817674,,
0.03971966,-0.000818632,,
0.034932621,-0.00081927,,
0.029757444,-0.00081959,,
0.024711648,-0.00081959,,
0.019536471,-0.000819749,,
0.014620053,-0.00081927,,
0.009962393,-0.00081927,,
0.005175355,-0.000819111,,
0.000517696,-0.000818312,,
-0.004269343,-0.000817035,,
-0.009573899,-0.000815917,,
-0.014619696,-0.0008148,,
-0.019536113,-0.000813682,,
-0.024323152,-0.000811766,,
-0.029239571,-0.000810648,,
-0.035061646,-0.000809211,,
-0.040495582,-0.000807135,,
-0.044506341,-0.000805698,,
-0.04942276,-0.000803303,,
-0.054339178,-0.000800429,,
-0.059643734,-0.000798354,,
-0.064948291,-0.000795479,,
-0.069476567,-0.000792925,,
-0.074651748,-0.00079053,,
-0.079568163,-0.000787336,,
-0.084484585,-0.000784143,,
-0.089659758,-0.000781428,,
-0.094446801,-0.000777596,,
-0.099363215,-0.000773605,,
-0.104538396,-0.000770411,,
-0.109454811,-0.000766898,,
-0.114371225,-0.000762747,,
-0.119287647,-0.000758915,,
-0.124333441,-0.000754125,,
-0.129120484,-0.000749494,,
-0.134166285,-0.000745662,,
-0.139212072,-0.000741191,,
-0.14438726,-0.000736721,,
-0.149303675,-0.00073193,,
-0.154349476,-0.000727619,,
-0.159524649,-0.000722829,,
-0.164570451,-0.000717879,,
-0.169357479,-0.000713728,,
-0.17440328,-0.000708619,,
-0.17970784,-0.00070319,,
-0.183977351,-0.000697442,,
-0.189411297,-0.000692971,,
-0.194327712,-0.000687861,,
-0.199502885,-0.000682752,,
-0.2044193,-0.000677323,,
-0.209335729,-0.000671575,,
-0.214381516,-0.000666306,,
-0.219297931,-0.000660877,,
-0.224473119,-0.000655448,,
-0.229389533,-0.00064986,,
-0.234564707,-0.000644591,,
-0.239351749,-0.000639002,,
-0.244397551,-0.000633254,,
-0.249443337,-0.000627985,,
-0.254359752,-0.000622237,,
-0.25914681,-0.000616648,,
-0.264451355,-0.00061106,,
-0.269367784,-0.000605471,,
-0.274413556,-0.000600202,,
-0.279588759,-0.000594454,,
-0.284246415,-0.000589504,,
-0.289162815,-0.000583596,,
-0.294337988,-0.000578487,,
-0.299125046,-0.000572898,,
-0.304429591,-0.00056747,,
-0.30934602,-0.00056252,,
-0.31426242,-0.000556931,,
-0.319178849,-0.000551503,,
-0.324224651,-0.000546553,,
-0.329270452,-0.000541284,,
-0.33405748,-0.000535855,,
-0.33897391,-0.000531224,,
-0.344149083,-0.000525955,,
-0.349065483,-0.000521165,,
-0.354111284,-0.000515896,,
-0.359157085,-0.000511425,,
-0.363814741,-0.000506475,,
-0.368860543,-0.000501685,,
-0.373776972,-0.000496735,,
-0.378952146,-0.000492265,,
-0.383868545,-0.000487794,,
-0.388914347,-0.000483323,,
-0.393830776,-0.000479012,,
-0.398876578,-0.000474382,,
-0.404051751,-0.00047039,,
-0.409097552,-0.000466398,,
-0.414272726,-0.000462406,,
-0.419318527,-0.000458574,,
-0.424105555,-0.000454423,,
-0.429280728,-0.000450112,,
-0.434197158,-0.000446599,,
-0.439113557,-0.000442926,,
-0.443900615,-0.000438775,,
-0.449075788,-0.000435103,,
-0.45412159,-0.000431749,,
-0.458908617,-0.000428556,,
-0.463954419,-0.000424724,,
-0.46900022,-0.000421211,,
-0.474046022,-0.000417858,,
-0.479091823,-0.000414984,,
-0.483878851,-0.00041211,,
-0.48879528,-0.000408757,,
-0.494099826,-0.000405244,,
-0.49862811,-0.000402689,,
,,,
,,,